IDpol,ClaimNb,Exposure,Area,VehPower,VehAge,DrivAge,BonusMalus,VehBrand,VehGas,Density,Region
1,0,0.20872567099944628,E,9,14,70,133,B10,Diesel,2029.9951725160038,R11
2,0,0.7274869810347852,D,13,16,26,126,B10,Diesel,560.9529867069701,R25
3,0,0.1522667012687144,E,4,10,75,56,B10,Diesel,105.27042187180038,R91
4,0,0.9237581200952318,F,5,12,52,82,B10,Diesel,69.28366984545328,R93
5,0,0.7634173496522672,F,6,16,18,100,B2,Diesel,701.6006806159843,R31
6,0,0.19955275422568253,F,14,7,77,142,B3,Diesel,488.8630222427174,R11
7,0,0.956694648094258,A,4,6,88,97,B14,Diesel,1256.0640156994832,R31
8,0,0.7108753176695797,C,7,13,83,52,B10,Diesel,2517.091705819454,R11
9,0,0.8553697702551643,D,10,9,27,116,B10,Diesel,96.30900327313203,R54
10,0,0.44606594317612136,F,7,15,41,94,B12,Regular,1757.9392328276274,R91
11,0,0.9812781881694559,B,4,14,26,127,B14,Diesel,993.455407370407,R24
12,0,0.31574331064135164,A,4,13,81,130,B14,Diesel,46.04604673237432,R82
13,0,0.8976066071455124,B,13,4,74,107,B14,Diesel,124.15543898558673,R21
14,0,0.8075901460085607,D,8,11,86,101,B1,Regular,823.8043903401698,R54
15,0,0.2627123532383411,F,9,13,46,146,B2,Diesel,3076.42319880151,R53
16,0,0.8471101734539005,E,9,14,44,57,B3,Diesel,80.48988926759166,R73
17,0,0.5686255955585663,C,9,13,31,96,B2,Diesel,3534.897069017488,R73
18,0,0.712535664221325,A,14,9,28,92,B12,Regular,1682.1464123502624,R94
19,0,0.3407578381095918,C,7,9,53,147,B2,Diesel,65.69237878223451,R52
20,0,0.7170069212938743,E,5,8,43,132,B13,Regular,3803.8684110214795,R42
21,0,0.2947002180953894,B,11,8,62,125,B10,Diesel,975.3101400970781,R72
22,0,0.7777506856680626,F,4,10,28,100,B2,Regular,1012.68983833436,R93
23,0,0.3397539291840727,B,11,2,75,79,B13,Diesel,224.21992520194146,R73
24,0,0.9803960060135862,B,12,19,60,128,B11,Regular,817.4436369141657,R54
25,0,0.5750542720627159,E,14,3,46,124,B10,Regular,1290.1949874077318,R82
26,0,0.6033365388691945,A,7,9,76,85,B10,Regular,531.3121512534588,R72
27,0,0.954369906876954,F,11,12,86,119,B2,Diesel,311.7393732634204,R11
28,0,0.19982375435763755,D,8,17,60,136,B2,Regular,425.6318655297545,R91
29,0,0.6430796357128721,C,12,10,19,113,B14,Diesel,1390.3475435705402,R93
30,0,0.7767468070310873,B,12,13,86,95,B2,Diesel,158.00020234101007,R25
31,0,0.6593109629185075,F,7,8,81,144,B11,Regular,9.268460581535116,R91
32,1,0.5806400217948101,B,13,6,34,147,B2,Diesel,531.4649658010467,R53
33,0,0.9235383821798041,F,10,14,31,80,B10,Regular,794.6896150481718,R72
34,0,0.5563510906528318,D,11,0,36,84,B11,Regular,2743.3742394156566,R93
35,0,0.4903852877738155,C,12,10,39,110,B13,Regular,696.9544411589414,R41
36,0,0.8627569302059266,B,13,4,62,85,B12,Regular,585.3548938726416,R74
37,0,0.7824754366227237,D,7,8,33,70,B1,Diesel,618.4017884305101,R83
38,0,0.7115685325697584,A,4,1,48,139,B11,Regular,125.48932395010765,R72
39,0,0.14930744850936933,E,5,16,47,147,B10,Diesel,1128.0827586631535,R52
40,0,0.9358425060968469,E,8,11,53,129,B3,Diesel,2252.219428131349,R25
41,0,0.7957862931438302,D,5,8,44,105,B2,Regular,3217.7192469191586,R24
42,0,0.8898106582397822,F,13,9,84,71,B12,Regular,705.798101930048,R91
43,0,0.34419271903845805,B,11,3,24,127,B13,Diesel,2610.311262258567,R11
44,0,0.49393817377010996,C,4,3,50,121,B11,Diesel,484.5447742007198,R11
45,1,0.9219129326643587,D,9,3,27,126,B12,Regular,48.31957474127637,R21
46,0,0.809340458582083,B,9,2,68,90,B2,Diesel,3541.350436530544,R11
47,0,0.4163787147720771,C,11,11,47,128,B14,Regular,11.733537455936304,R72
48,0,0.5925716863770957,E,5,15,27,56,B14,Diesel,1518.849456197868,R41
49,0,0.17380634717991952,F,5,9,28,92,B2,Regular,1241.6918816073085,R52
50,0,0.35296895491661207,D,6,1,21,70,B14,Regular,267.12864289382685,R54
51,0,0.7594729992988885,A,9,19,18,79,B14,Diesel,280.2693271412283,R82
52,1,0.26919136418951717,B,9,19,21,64,B2,Regular,2358.167493665735,R41
53,0,0.13624933477081455,F,6,9,74,107,B12,Regular,581.306513319528,R54
54,0,0.6180735993462482,D,8,18,88,96,B11,Regular,218.1382347915868,R73
55,0,0.28228523352277957,D,13,18,19,127,B3,Regular,377.40194197280954,R72
56,0,0.16795310705030464,B,8,19,21,123,B13,Regular,1719.3124399970577,R83
57,0,0.5707725091155518,B,12,13,78,64,B2,Regular,49.304697577221994,R91
58,1,0.8988431130802991,F,13,1,74,74,B10,Diesel,797.7352223312754,R91
59,0,0.19019054659134502,A,11,12,20,149,B10,Diesel,491.3903219686716,R21
60,1,0.6437451199638027,C,11,10,84,117,B1,Regular,1660.2880015273765,R94
61,0,0.4848209405648022,F,9,19,70,92,B12,Regular,1425.3105579005005,R21
62,1,0.3539347181769499,A,8,2,65,99,B1,Diesel,177.23286187394203,R52
63,0,0.5709136232002755,D,13,10,71,54,B10,Diesel,240.9900540437663,R25
64,0,0.278550334349718,F,6,5,29,98,B14,Regular,940.7131061714174,R83
65,0,0.2289313065775246,E,4,7,84,137,B2,Regular,621.3170388651911,R52
66,0,0.32539352456871784,C,14,5,76,69,B12,Diesel,1417.4022942801475,R52
67,0,0.5331520778686433,D,10,17,29,93,B13,Diesel,2507.2282447783264,R72
68,0,0.4820776266984116,B,4,17,22,98,B10,Diesel,618.0446348377083,R41
69,0,0.6837390173966652,D,10,6,83,116,B10,Regular,25.197205402644176,R21
70,0,0.9356748463628579,F,7,17,50,136,B1,Regular,11.493572973578996,R91
71,0,0.9750285263720543,E,7,7,86,136,B2,Regular,1949.065517694303,R11
72,0,0.8162426083943601,C,14,15,43,90,B11,Diesel,524.0931529687502,R74
73,0,0.48873534961881016,A,12,12,18,50,B14,Regular,893.0403974712781,R72
74,0,0.5419712121049012,C,8,5,78,55,B13,Regular,27.010131737077458,R11
75,0,0.20746526846837013,F,12,5,86,85,B13,Diesel,363.1860324015881,R53
76,1,0.7826375809211609,A,6,15,55,98,B13,Diesel,13.626598745707415,R41
77,0,0.7481140877159209,F,10,3,72,54,B11,Regular,163.18499014399026,R54
78,1,0.2248380351866524,B,11,14,71,112,B1,Diesel,31.585106426286107,R31
79,0,0.33149729624977664,A,10,1,38,72,B2,Regular,180.09370211361582,R94
80,0,0.2007452995715187,C,12,11,83,120,B1,Regular,1122.0236321109999,R91
81,0,0.731919983880752,A,11,10,26,74,B3,Regular,476.34123927140627,R42
82,0,0.26690517200468944,C,12,2,66,145,B1,Regular,716.7400701390435,R41
83,0,0.5757768102473323,B,11,14,67,51,B1,Regular,426.84873945784943,R42
84,0,0.3262741575127439,D,9,10,25,93,B2,Regular,340.86182977499675,R82
85,0,0.35724872573321853,D,4,4,87,130,B3,Diesel,147.46792665588433,R41
86,0,0.26457742784576854,D,10,8,27,105,B2,Diesel,1339.4555051042355,R93
87,0,0.5971878248118444,A,9,12,46,107,B1,Regular,641.5960636445956,R73
88,0,0.49030715364082356,F,10,4,67,130,B13,Regular,223.23904649455517,R94
89,0,0.9706021639045325,D,9,12,28,104,B1,Diesel,233.00575433299738,R73
90,0,0.816940138460192,B,10,5,49,72,B13,Diesel,4091.331266084817,R73
91,0,0.931010234493119,B,14,1,54,96,B14,Diesel,984.9627064521962,R25
92,0,0.9311159349177488,B,5,3,23,127,B14,Regular,40.928095164003594,R83
93,0,0.8290223846943997,D,4,8,87,102,B12,Diesel,544.8011821228833,R82
94,0,0.8073014376721335,C,8,17,24,89,B11,Diesel,114.69876288249569,R93
95,0,0.9006261384984102,A,7,13,27,53,B14,Regular,498.93762952339705,R21
96,0,0.6122810343051708,D,14,7,47,95,B1,Diesel,1661.532580365491,R83
97,0,0.31022757955087515,B,14,18,50,57,B11,Regular,263.7647932089225,R21
98,0,0.35026767716879337,A,5,0,25,65,B2,Diesel,1407.0715224216044,R42
99,0,0.18823657275833516,E,6,12,45,117,B12,Diesel,1244.065884851054,R83
100,0,0.9893560552653812,F,5,2,72,84,B12,Diesel,1329.3286663374433,R11
101,0,0.37465837538395474,F,5,15,85,57,B12,Diesel,1248.2056289492202,R24
102,0,0.4387581082271018,C,8,10,58,56,B2,Regular,1176.0332110934096,R42
103,0,0.6577421040752084,F,12,9,89,137,B13,Diesel,866.1833057283806,R41
104,0,0.21674509184769858,B,4,15,52,120,B12,Regular,2242.339303623718,R83
105,0,0.6936131601618666,E,5,15,26,115,B13,Diesel,2491.6404096652327,R82
106,0,0.19288398762662387,E,14,14,86,100,B13,Diesel,4126.231802018024,R42
107,0,0.5787020876326271,F,7,9,73,75,B1,Regular,545.4311321838857,R25
108,0,0.14896701564250736,C,7,17,24,85,B3,Diesel,916.3464991677444,R83
109,0,0.48442135530308605,A,14,11,38,72,B14,Regular,351.40233562919116,R31
110,0,0.698798033032294,B,8,4,33,117,B13,Diesel,66.39554132441133,R21
111,0,0.7799623381830002,E,4,19,62,118,B12,Diesel,764.594613179499,R73
112,0,0.8302008979920485,F,7,6,53,120,B3,Regular,267.1953519927039,R41
113,0,0.22440299599045085,A,9,17,29,112,B1,Regular,1744.3766961737538,R11
114,0,0.8016579137419697,A,4,6,85,68,B14,Regular,803.4049368739261,R94
115,0,0.7039685617524312,B,12,16,23,107,B10,Regular,1179.8624412472066,R94
116,1,0.6567263224544273,B,13,3,45,119,B12,Diesel,527.9844913581123,R73
117,0,0.3031027577905085,F,14,0,89,105,B10,Regular,365.8491590342094,R74
118,0,0.3403879248914388,D,8,14,79,129,B1,Regular,327.13590450339933,R54
119,0,0.739170318688293,B,5,19,36,60,B12,Regular,1841.3165932166635,R73
120,2,0.2456332966454816,B,14,11,71,69,B11,Regular,373.20822157007063,R91
121,0,0.6741454037639583,F,6,3,71,134,B14,Diesel,540.9767872101596,R54
122,0,0.7779759425316917,C,6,8,45,148,B2,Diesel,16.758053911041923,R25
123,0,0.4837263338527418,B,12,11,71,74,B2,Regular,1821.4599963704513,R21
124,0,0.3277461557811876,B,5,11,46,54,B12,Diesel,3844.346333606541,R83
125,0,0.9961540910184493,F,6,0,61,134,B13,Diesel,426.25909699814616,R53
126,0,0.17333977153968888,E,8,17,23,89,B1,Regular,1680.3363440384803,R82
127,0,0.8937845142108986,E,4,11,75,66,B2,Diesel,1458.4360483800888,R11
128,0,0.5629892969204738,A,10,8,26,54,B12,Regular,396.7360592199403,R25
129,0,0.9536653165591249,B,9,2,86,138,B10,Diesel,237.27758381176582,R83
130,0,0.22981792284235197,A,5,8,53,143,B11,Regular,486.03203497085644,R83
131,0,0.14883527481182518,F,14,0,21,65,B10,Diesel,1178.8707208478259,R21
132,0,0.7448471395982347,E,5,10,63,118,B13,Diesel,185.74033623142415,R24
133,0,0.9204005609919288,E,8,4,52,140,B13,Diesel,377.47973212939644,R93
134,0,0.9396576638499567,D,13,4,69,80,B3,Regular,2080.7911001569983,R93
135,0,0.3609862243003783,E,11,18,75,103,B12,Diesel,485.7991915513355,R54
136,0,0.9699103450417685,D,6,19,39,102,B3,Diesel,1048.6010571868565,R93
137,0,0.6568193490951353,D,6,8,52,98,B3,Diesel,937.031539119221,R91
138,0,0.41007655086310435,A,5,1,81,78,B12,Diesel,1168.692239865349,R11
139,0,0.5983031143849904,B,6,7,54,70,B2,Regular,32.4585358600818,R42
140,0,0.16900896797852827,C,6,0,81,78,B13,Diesel,492.6796337157739,R31
141,0,0.3839412061983143,C,13,2,43,53,B12,Regular,213.73260074044123,R42
142,0,0.5571408890237886,C,4,5,76,83,B2,Regular,484.99882293666957,R93
143,1,0.5322289136923266,F,13,13,51,88,B2,Regular,469.1357506907802,R41
144,0,0.23300894012394527,E,14,14,87,108,B10,Diesel,1093.3991608710485,R72
145,0,0.9736354947834838,B,5,16,78,131,B11,Diesel,3259.1928593994135,R93
146,0,0.4465207487828229,D,14,4,54,122,B11,Diesel,2652.8642411006394,R72
147,0,0.7933325009419979,C,7,11,54,123,B1,Regular,147.823612170404,R82
148,0,0.8624693365445836,B,12,10,80,105,B3,Regular,927.5096544202758,R91
149,0,0.5785059433838671,E,8,13,77,118,B11,Regular,1343.9881021855806,R72
150,0,0.2742708254997538,F,4,16,83,111,B10,Diesel,486.5751378965765,R25
151,0,0.2743173096688374,B,9,19,20,103,B13,Regular,866.9017693567184,R25
152,0,0.39668082137090754,F,7,1,25,59,B3,Regular,596.9324400534764,R91
153,0,0.7044222791088635,C,7,17,45,73,B13,Diesel,1207.815720911314,R31
154,0,0.20329783664961915,C,5,19,46,142,B11,Regular,10.149648631246711,R93
155,0,0.4243103256659775,B,5,12,18,69,B13,Diesel,943.0171942685478,R11
156,0,0.6055868299179186,B,10,8,76,61,B14,Regular,280.2379874853816,R54
157,0,0.7478730357113477,F,7,6,38,98,B11,Diesel,19.671295184806674,R72
158,0,0.9932890131731258,B,14,10,76,99,B1,Diesel,1043.3442164981082,R25
159,0,0.25474422714312706,F,13,0,79,112,B14,Regular,1546.6372862667063,R53
160,0,0.5559274750150471,B,5,5,22,139,B13,Diesel,1290.0862108539056,R94
161,0,0.19461107800502914,A,6,6,61,96,B10,Regular,233.24732461827406,R41
162,0,0.26492915964574015,E,14,15,24,83,B14,Diesel,3109.9766036248934,R91
163,0,0.9384889802838272,B,9,2,60,95,B14,Regular,103.73052460750161,R91
164,0,0.43948553337294227,D,5,10,58,139,B13,Diesel,802.6670373740088,R54
165,0,0.823180227079867,A,7,8,45,84,B13,Diesel,77.26381315475528,R25
166,0,0.6378779295340335,E,9,0,89,111,B1,Diesel,710.8808407248275,R54
167,0,0.2617694965256909,D,6,15,28,81,B2,Regular,181.80949405824524,R54
168,1,0.4222473373507427,B,7,6,75,148,B14,Regular,462.55646758646924,R74
169,0,0.9087233392325984,A,4,16,36,67,B13,Diesel,1941.6221898956721,R42
170,0,0.12220203209396906,A,5,17,53,118,B10,Regular,764.0374612258662,R52
171,0,0.5537424133420656,A,9,11,43,84,B10,Diesel,1414.03683646521,R25
172,0,0.4087160184096107,E,8,5,62,144,B14,Diesel,52.79707766212681,R54
173,0,0.9086511598764883,A,13,6,26,133,B11,Regular,1817.593144367232,R82
174,0,0.2964717210493715,D,14,7,87,120,B3,Diesel,205.77175457900017,R25
175,0,0.5595504284943125,A,13,6,71,122,B1,Regular,983.3832457038397,R24
176,0,0.6650935928163196,A,8,10,26,106,B10,Diesel,1832.5853069642221,R83
177,0,0.11473818034741273,C,14,8,80,128,B1,Diesel,323.13179125184456,R94
178,0,0.265268340058785,A,10,18,65,61,B14,Diesel,396.93053163180537,R91
179,0,0.86103830108698,A,8,15,70,69,B13,Diesel,2112.7904463404616,R72
180,0,0.17485001012683943,B,10,4,31,65,B3,Diesel,481.4847991977861,R91
181,0,0.4585166945672262,B,14,10,51,52,B11,Regular,450.76593517591937,R83
182,0,0.9541399070163198,D,7,4,49,129,B13,Regular,1151.560255003362,R74
183,0,0.19862823667073637,E,5,15,47,57,B14,Regular,0.5841121189462773,R94
184,0,0.6585081880902718,C,12,9,71,135,B12,Regular,1834.0446096528276,R91
185,1,0.8782858681212906,B,14,11,53,115,B11,Regular,36.88153998186093,R31
186,0,0.585659192286598,D,14,8,77,118,B3,Regular,132.93677218741908,R41
187,0,0.7403904686804279,C,9,19,53,82,B14,Regular,2805.753835193749,R73
188,0,0.5036891906261568,E,14,6,34,61,B11,Diesel,453.220568639725,R31
189,0,0.6594603485014725,C,12,6,40,133,B14,Regular,1017.90878406791,R42
190,1,0.3718810284629652,B,11,17,73,114,B12,Diesel,681.8707592845897,R25
191,0,0.9655306034815377,E,12,3,30,91,B1,Regular,77.80399832185473,R53
192,0,0.2321050462224809,F,6,5,64,106,B3,Regular,722.2423099409109,R53
193,0,0.4219434106001686,B,10,16,87,62,B12,Regular,624.5690389572425,R74
194,0,0.6510750018957254,B,9,10,37,117,B13,Diesel,1693.5935869342202,R91
195,0,0.9781570013622763,D,4,4,23,145,B11,Diesel,1083.5937975110849,R11
196,1,0.5035631633471576,A,6,1,78,84,B2,Regular,1447.024694215233,R82
197,0,0.509159564136282,F,6,11,22,101,B2,Regular,78.24133138395679,R25
198,0,0.7829144770246002,C,5,2,25,126,B1,Diesel,864.2279340283028,R93
199,0,0.3864336928869774,D,13,5,75,125,B12,Diesel,759.7864393980392,R24
200,0,0.3169631189932135,A,14,18,30,77,B3,Diesel,3496.349622971746,R53
201,0,0.3288601507183485,B,12,9,45,148,B11,Regular,3043.9806826743907,R83
202,1,0.470268111897,E,13,16,73,89,B2,Diesel,97.23628916069963,R74
203,0,0.8051525391350854,C,5,17,67,104,B10,Regular,1210.294351957762,R74
204,1,0.1261452473781332,C,5,3,77,127,B13,Diesel,369.231142713759,R83
205,0,0.6330803469995464,D,14,9,51,90,B2,Regular,483.17930130951413,R73
206,0,0.8134509320410589,D,4,2,45,106,B2,Diesel,380.30230769403465,R74
207,0,0.8071412691605734,F,11,13,77,52,B10,Diesel,78.26226635980323,R54
208,1,0.5970648552898085,E,7,18,29,117,B11,Regular,1650.6612886966711,R52
209,1,0.6030420923437438,C,10,6,37,75,B2,Regular,2896.839615792992,R94
210,0,0.7383056523455327,E,4,14,50,112,B12,Diesel,505.3750085766877,R94
211,0,0.7853293152731622,E,4,18,60,144,B3,Diesel,2514.2774657922196,R21
212,0,0.24141414057572574,B,7,14,48,75,B10,Regular,18.53474883962908,R11
213,0,0.36072423180834234,A,7,1,49,76,B12,Diesel,1214.6301859922678,R73
214,0,0.21182037841128065,A,6,12,42,116,B2,Regular,136.11582999254392,R82
215,0,0.2786688698348247,F,9,9,32,56,B12,Regular,32.218454326426375,R31
216,0,0.8251659547672154,A,12,6,89,82,B2,Regular,127.56905633836735,R73
217,0,0.7010970705474311,F,11,7,67,146,B14,Regular,377.8501665768555,R41
218,0,0.9936576826759418,B,8,18,26,55,B10,Diesel,961.5273366062038,R31
219,0,0.560291011329553,D,5,8,59,127,B13,Regular,599.4497235640789,R93
220,0,0.18358553092619412,D,4,4,21,87,B14,Diesel,1560.2284826271864,R52
221,0,0.6548586218316317,B,9,9,56,142,B14,Diesel,1223.3720866332314,R72
222,0,0.9651416999238586,F,7,0,19,59,B10,Diesel,267.3726478116442,R52
223,0,0.5367929433493789,A,5,12,80,130,B2,Diesel,617.8707273556854,R42
224,0,0.48022857004123143,E,7,15,34,54,B10,Regular,460.56533133230477,R91
225,0,0.8653021504183966,F,5,15,42,112,B3,Regular,325.42903851125993,R73
226,0,0.9427052578243128,E,7,8,52,88,B3,Regular,952.1380011173659,R73
227,0,0.1471663828745885,B,10,10,88,133,B12,Regular,988.1256226364843,R74
228,0,0.6142599348078549,B,5,17,73,126,B10,Diesel,1022.6827890119831,R41
229,0,0.8961714151918291,A,12,14,26,90,B1,Diesel,655.7653158519724,R11
230,0,0.18948980089237277,C,12,19,27,113,B12,Regular,3050.0645522728632,R31
231,0,0.8041345910118608,C,4,13,32,63,B13,Diesel,1436.1811555075785,R11
232,0,0.9875095468091997,F,8,6,26,109,B14,Regular,1943.0620697407287,R24
233,0,0.17169170232534642,D,4,17,60,129,B1,Regular,628.121286374614,R94
234,0,0.8818689832147383,C,8,3,68,105,B11,Diesel,592.7766542756808,R91
235,0,0.27066245444355164,D,14,1,29,102,B11,Diesel,1765.3669161279047,R74
236,0,0.1416225462440427,A,11,12,24,133,B10,Diesel,36.54550703766531,R25
237,0,0.18199917066861676,C,5,13,68,105,B13,Diesel,165.75167576294547,R91
238,0,0.4095243043805087,B,14,16,36,83,B13,Diesel,312.5338810578084,R94
239,0,0.26866375643431295,B,12,18,20,147,B1,Regular,226.4798147759745,R94
240,0,0.9897682500096813,A,8,3,52,61,B10,Diesel,509.8067692700677,R72
241,0,0.4213102474150182,D,6,8,83,124,B14,Regular,2242.6075639739906,R72
242,0,0.958699787169849,F,7,17,43,115,B2,Diesel,39.249263721534454,R25
243,0,0.42170019952904636,C,5,11,50,115,B13,Regular,587.4023971648043,R82
244,1,0.39805281654783164,F,10,7,25,92,B10,Regular,1021.0795888674993,R11
245,0,0.6468969165377982,C,8,0,57,74,B10,Diesel,779.553724898082,R42
246,0,0.5269744127566502,D,13,0,84,124,B11,Diesel,218.315910812835,R41
247,0,0.9730246897588336,D,11,4,38,103,B10,Diesel,64.1307433817138,R52
248,0,0.355322808849319,A,12,2,73,142,B10,Diesel,758.6883014502969,R94
249,0,0.6275674114142178,D,5,15,40,146,B14,Regular,765.5497617294856,R11
250,0,0.35346881731277846,B,5,7,18,59,B2,Diesel,726.4565284757844,R21
251,0,0.7311709871160265,C,13,11,44,85,B11,Regular,911.5283250589575,R24
252,0,0.11882906902288876,A,11,6,77,132,B12,Regular,325.0353332197626,R74
253,0,0.18838023926118033,C,9,14,64,142,B2,Regular,116.70337720090548,R94
254,0,0.25913426465126443,C,8,11,61,97,B2,Regular,432.6038351930048,R31
255,0,0.3636152965092394,A,13,7,67,113,B13,Regular,1036.7985734406186,R21
256,0,0.9677500505922976,D,9,5,69,88,B3,Diesel,119.05601630133724,R52
257,1,0.4324339948546253,A,12,12,82,59,B10,Regular,927.6714007437602,R93
258,0,0.9312114799016143,E,6,6,40,106,B13,Regular,942.6281630716205,R94
259,0,0.42668426688916417,C,9,7,35,67,B13,Regular,1290.2540914304939,R31
260,0,0.9372757018839081,C,12,9,85,131,B1,Regular,361.4725421424137,R82
261,0,0.8809100028121583,F,11,3,29,50,B2,Regular,3116.1484504074497,R21
262,0,0.3388212475205572,B,10,8,18,123,B13,Regular,355.7417698813591,R31
263,0,0.27653424426559836,E,11,6,42,125,B14,Diesel,2487.200105726499,R11
264,0,0.8167142386348183,C,7,5,40,82,B3,Diesel,1707.404346339811,R73
265,0,0.370297796135617,A,12,13,70,124,B2,Diesel,1577.6739511093813,R94
266,0,0.902451087671277,F,6,5,62,106,B14,Regular,1372.7502787583842,R31
267,0,0.1373892052534311,B,11,11,71,68,B10,Diesel,2113.7985748454903,R52
268,0,0.947792289742498,C,5,14,25,139,B2,Regular,92.14197203889043,R82
269,0,0.9215043203689637,E,7,17,75,81,B2,Regular,191.38708333012633,R11
270,0,0.1017387291334729,D,11,10,20,87,B14,Regular,737.9330572321162,R11
271,0,0.9286487633005154,F,9,19,48,137,B13,Regular,845.861068434824,R91
272,0,0.7708464648737797,C,9,7,82,142,B10,Diesel,206.48132325172094,R94
273,0,0.25264447999797246,B,11,4,67,130,B11,Regular,1742.8677931538214,R11
274,0,0.48908397148650795,C,13,3,81,51,B1,Regular,168.6262547244864,R93
275,1,0.7359774386832005,A,7,1,35,85,B13,Regular,3339.7794122707724,R93
276,0,0.40587949424300607,F,9,14,63,59,B1,Diesel,443.62426237538983,R91
277,0,0.4296161647297039,F,11,11,30,149,B12,Diesel,1687.9176645378154,R82
278,0,0.15494693268223642,A,13,11,81,142,B12,Diesel,355.24757195882717,R72
279,0,0.8075779447035327,D,9,2,52,58,B1,Diesel,260.30309870024433,R74
280,0,0.40542322231868533,B,13,14,83,130,B3,Regular,2175.5119969905313,R91
281,0,0.27413585316423267,B,11,10,55,97,B11,Regular,2367.7475191199214,R24
282,0,0.360678023424455,A,10,19,64,79,B12,Diesel,555.3690278240912,R52
283,0,0.7023475039275339,F,11,14,18,113,B10,Diesel,1723.5007751216524,R24
284,0,0.3675543920613139,D,11,7,79,135,B13,Diesel,879.96571480745,R25
285,0,0.777329449196278,F,4,3,67,93,B13,Regular,678.5445990264877,R24
286,0,0.34818129719677715,A,10,5,24,99,B3,Regular,162.91861504468355,R52
287,0,0.523533682848964,F,14,12,35,83,B14,Regular,36.38149054348408,R54
288,0,0.99133646975291,D,8,11,75,100,B1,Regular,2572.0880001328455,R91
289,0,0.39895949960319255,E,14,16,82,105,B13,Regular,1954.9191459453887,R82
290,1,0.5739626669005783,C,5,10,66,60,B12,Regular,415.9091600193284,R93
291,0,0.8686832366128686,E,7,2,51,129,B10,Diesel,361.5593227036352,R83
292,0,0.6115577310054372,F,12,11,65,130,B14,Diesel,486.3113126615573,R93
293,1,0.9359852698939402,C,13,15,28,126,B1,Regular,898.9860125826424,R94
294,0,0.7256183579036113,B,14,3,59,84,B14,Regular,1205.7813104683266,R21
295,0,0.572848854622156,A,4,15,59,106,B1,Regular,1009.9402060901464,R83
296,1,0.5792765862162005,E,9,9,51,51,B11,Diesel,2893.718458905435,R91
297,0,0.9121225819463084,B,5,14,87,110,B11,Regular,573.8183241673458,R73
298,0,0.7316078290928676,F,12,15,52,99,B3,Regular,1397.493162034855,R53
299,1,0.7137386961991983,C,13,17,34,142,B12,Diesel,652.9315170951788,R91
300,0,0.8755148428437086,E,7,3,33,86,B3,Regular,1447.780647302404,R74
301,0,0.824806252726252,C,11,14,42,82,B14,Diesel,310.91387739168846,R83
302,0,0.40954112904992035,F,12,11,72,52,B10,Diesel,176.6833955421391,R25
303,0,0.5057181619096269,C,4,1,69,69,B12,Regular,17.17415916875698,R11
304,1,0.3622454542461959,F,6,8,43,138,B2,Regular,218.55653977500452,R82
305,0,0.24137950033655384,B,5,5,27,73,B13,Diesel,2025.1488030569851,R74
306,0,0.7649127624859379,E,10,16,44,72,B12,Regular,364.91300707158035,R74
307,0,0.3330495397712508,A,14,5,21,107,B11,Regular,34.309373158418,R54
308,0,0.9808708241364021,C,8,0,47,61,B1,Regular,293.81896047417473,R74
309,0,0.6558905440042618,F,13,19,76,52,B14,Diesel,120.14987905329521,R42
310,0,0.23104727536832714,D,8,3,65,109,B14,Regular,990.0217300511313,R91
311,0,0.5576639485772694,B,4,4,28,92,B14,Regular,132.608528729498,R93
312,0,0.5431191490268249,B,10,15,65,107,B14,Regular,3.7714714804519733,R52
313,0,0.32903341872272795,D,8,11,60,89,B13,Regular,2368.6717919345806,R31
314,0,0.671626771142746,C,12,3,73,62,B2,Diesel,153.58658296745546,R54
315,0,0.2573675838625571,C,13,8,51,82,B3,Diesel,1187.1907533967035,R93
316,0,0.10821363004470136,A,14,19,69,118,B10,Regular,894.3825694442246,R83
317,0,0.21078363568924008,D,6,12,29,61,B12,Regular,2148.0732985751574,R74
318,0,0.20187964385008283,F,5,14,59,110,B3,Diesel,675.4827096065287,R72
319,0,0.6641014330520417,A,13,3,38,61,B10,Diesel,1047.2126608665471,R21
320,0,0.23055686915954623,C,14,0,58,67,B14,Regular,1385.3486275778153,R21
321,0,0.14671507760269406,C,7,6,56,99,B11,Diesel,13.586219649565303,R53
322,1,0.6553851663372824,E,6,9,72,107,B13,Regular,133.68537584797292,R42
323,0,0.6040920400518918,D,12,3,65,66,B2,Regular,52.45254117276772,R74
324,0,0.9810854692669195,E,9,3,84,59,B11,Regular,344.53168280696616,R73
325,1,0.6535429330298115,E,8,10,67,146,B3,Regular,477.8421986581263,R53
326,0,0.5700471592368835,D,11,3,74,96,B2,Regular,1003.8986655983022,R54
327,0,0.1664652793141415,F,5,11,87,75,B13,Diesel,17.00909078617436,R91
328,0,0.129677904133057,F,5,0,40,82,B10,Diesel,889.2438475405576,R94
329,0,0.9293176381938646,F,4,7,79,70,B13,Regular,401.51483097644325,R91
330,1,0.3668498296750854,A,11,6,73,83,B3,Regular,217.3765901363704,R83
331,0,0.7572933801732996,C,6,19,52,103,B13,Diesel,309.996184425701,R52
332,0,0.7123194617046951,C,13,19,21,83,B13,Regular,2923.6394258483942,R94
333,0,0.5236435258807489,F,9,7,86,53,B11,Regular,377.1954473364278,R82
334,0,0.9889954635928785,B,10,12,70,99,B2,Diesel,2181.69123945803,R21
335,0,0.20141947278732444,C,5,1,81,108,B13,Diesel,390.82196007810626,R25
336,0,0.5044678609552354,B,7,19,84,66,B11,Regular,658.6037944566934,R21
337,0,0.2037429686470132,B,8,14,88,128,B13,Diesel,364.83622473506364,R24
338,0,0.518284899892587,E,13,1,58,148,B3,Diesel,570.3809934966329,R82
339,0,0.3814980439461886,C,11,9,48,107,B12,Regular,56.64842061302433,R21
340,0,0.6051338798989542,E,7,11,39,110,B1,Regular,868.0255200483833,R73
341,1,0.45571113789294404,A,5,18,71,58,B13,Regular,2043.1375547678363,R94
342,0,0.5154497295115267,B,9,0,37,105,B10,Regular,167.5745133138355,R24
343,0,0.7567451354394336,D,8,11,74,77,B13,Diesel,698.6518942753474,R31
344,0,0.11326970779494126,A,14,5,71,84,B3,Regular,1572.230795227102,R83
345,0,0.4288532342380452,F,14,15,58,98,B12,Regular,1575.99985290662,R52
346,0,0.7073791761845978,D,14,11,83,132,B12,Diesel,281.8802190664712,R54
347,0,0.5949619504374407,A,11,8,44,87,B13,Diesel,481.08267861242183,R94
348,0,0.6551991654806901,D,14,16,57,136,B1,Regular,1283.7778676372202,R31
349,0,0.8739351680244867,C,7,3,39,82,B10,Diesel,1999.9205021543569,R93
350,0,0.8836656275449036,B,12,14,79,99,B14,Diesel,2909.6444608001657,R41
351,0,0.6070707096565413,A,6,10,24,95,B11,Regular,200.53349903785258,R94
352,0,0.5230088608908923,F,6,13,76,144,B13,Regular,175.0539249520558,R91
353,0,0.46415340380169423,A,6,0,49,63,B3,Regular,386.02621080071503,R83
354,0,0.9297019855102429,B,10,9,54,104,B11,Regular,290.34836223355296,R52
355,0,0.44625911565220255,E,13,17,78,136,B14,Regular,55.73192189607585,R82
356,0,0.3976086293776143,B,13,4,34,121,B13,Regular,1105.1458880831465,R41
357,0,0.17687117853259132,C,12,4,79,140,B14,Regular,897.9900378968952,R74
358,0,0.4081359478466663,C,7,7,32,145,B14,Regular,2206.641894923672,R72
359,0,0.9700358665502827,E,6,4,20,124,B3,Regular,786.6884078254567,R53
360,0,0.9584634359018478,C,7,15,61,114,B2,Diesel,640.7244563630459,R31
361,0,0.3890796375148421,F,8,5,51,57,B2,Diesel,1399.414756763151,R52
362,1,0.4893559064757991,A,7,19,84,105,B1,Diesel,3037.5165088498447,R31
363,0,0.9058015877741542,D,12,6,80,112,B1,Diesel,129.74588824512483,R25
364,0,0.337778699984824,E,7,11,29,57,B2,Diesel,1551.3306762989926,R72
365,0,0.6091823798435683,B,11,8,76,116,B10,Regular,453.3387892981606,R83
366,0,0.8739368842844536,E,10,15,27,90,B3,Diesel,583.208153739154,R73
367,0,0.583044292575581,D,4,3,75,68,B1,Regular,781.2634126760364,R42
368,0,0.36532016478600815,E,11,9,70,52,B13,Regular,2446.524116393908,R53
369,0,0.6318009957480853,E,11,15,72,60,B1,Regular,306.7450037543917,R11
370,1,0.4129669753555987,D,8,13,84,86,B13,Diesel,1203.2346914454552,R52
371,0,0.8689501617766752,F,12,16,81,70,B14,Diesel,69.6553380795874,R25
372,0,0.3132007326161962,A,6,14,53,114,B10,Regular,243.89060786017382,R41
373,0,0.6154759143673244,C,7,14,40,120,B3,Regular,7072.292265384043,R74
374,0,0.9442523076481545,E,8,3,19,55,B12,Diesel,246.5381808368763,R94
375,0,0.16036070813038977,D,11,4,42,106,B13,Diesel,662.4930737705125,R42
376,1,0.9276119775135091,D,5,6,68,123,B12,Diesel,1094.1351152814177,R54
377,0,0.45929848125460615,D,5,6,30,138,B13,Diesel,256.8449276458639,R94
378,0,0.8157365061276157,E,13,16,49,113,B10,Regular,4435.537497140909,R11
379,0,0.6324979006832468,D,13,2,74,108,B10,Regular,294.9550073764324,R31
380,0,0.9838662136166908,B,8,11,78,90,B1,Regular,580.8370563003156,R91
381,0,0.10918482733913742,D,13,12,75,60,B12,Diesel,259.1093225859608,R11
382,0,0.9864424576882159,A,14,5,37,86,B12,Diesel,1426.1409315105168,R94
383,0,0.8153912899991681,E,8,18,20,63,B10,Diesel,589.948269576027,R83
384,0,0.35833523788270716,B,6,14,28,94,B13,Diesel,2001.3023175028418,R74
385,1,0.6548529360258837,B,13,6,52,117,B1,Regular,585.5389479978859,R21
386,0,0.17556113903582707,E,8,12,53,86,B3,Regular,428.46788135155504,R21
387,0,0.4078389691800052,B,9,17,19,89,B1,Diesel,1025.0113659977626,R73
388,0,0.8710605846607646,B,4,4,24,101,B2,Diesel,729.1756699615954,R82
389,0,0.5312966880915402,B,4,17,18,104,B14,Diesel,5628.145299265507,R83
390,0,0.9721907116353284,C,11,16,36,89,B2,Diesel,861.0306952938342,R82
391,0,0.6334677983575844,E,4,9,27,108,B10,Regular,1042.8193265855755,R24
392,0,0.10788520471026054,D,7,10,51,98,B11,Regular,151.44772564945754,R42
393,0,0.9369530200262361,A,12,0,53,72,B13,Diesel,2160.813331301814,R73
394,0,0.18671468926030077,A,9,5,35,89,B12,Regular,2181.3664627120834,R41
395,0,0.8198591942956062,D,7,3,59,86,B10,Diesel,2216.94238206753,R93
396,0,0.41254100629710677,D,7,7,75,102,B12,Regular,1552.1617834778053,R93
397,0,0.8217264079449292,D,9,10,33,95,B14,Diesel,92.15150526793818,R74
398,0,0.6586981005326367,B,13,14,48,117,B1,Diesel,4098.688817860695,R73
399,0,0.8410881579385692,D,14,15,34,77,B13,Diesel,3719.8410012133572,R42
400,0,0.9110555146061432,B,14,14,54,69,B2,Diesel,563.133617335442,R53
401,0,0.7150973316245248,E,11,17,79,107,B10,Diesel,2380.012527637508,R73
402,0,0.3413749865154716,E,8,9,19,110,B3,Diesel,798.725870944224,R25
403,0,0.48658572376182363,D,11,16,32,79,B12,Diesel,2543.3736433179956,R73
404,0,0.9174822534759018,A,6,8,30,120,B10,Diesel,822.7164544167517,R25
405,0,0.7673214509407065,C,6,19,86,144,B10,Diesel,616.438980613044,R73
406,0,0.12563220005973674,F,14,11,84,77,B14,Regular,338.52333552605666,R93
407,0,0.4859150605610263,A,11,1,37,51,B13,Diesel,1152.5165623224152,R11
408,1,0.6505337603641859,A,11,8,58,133,B13,Diesel,1907.7410169684986,R41
409,0,0.9271101802459236,C,9,11,55,85,B12,Regular,246.80538669797005,R41
410,1,0.665097992435552,D,14,9,44,146,B2,Diesel,719.7996542627559,R54
411,0,0.17209252528323069,A,11,16,19,75,B14,Diesel,163.72762529992139,R82
412,0,0.3743291272798608,D,10,15,37,70,B12,Regular,3400.7762136036954,R31
413,0,0.7204881040758476,D,13,14,71,106,B11,Diesel,637.7564996181706,R74
414,0,0.28198091256334074,A,6,15,52,65,B14,Regular,1941.892340126907,R25
415,0,0.3537731742052812,C,14,2,26,73,B14,Diesel,903.320943539659,R53
416,0,0.8093029751554054,F,14,11,79,102,B13,Regular,1255.3722978230269,R53
417,0,0.7595937559244611,A,14,3,50,139,B13,Regular,221.525945102968,R25
418,0,0.6757447475397372,A,10,16,64,66,B1,Diesel,71.22200105777057,R42
419,0,0.6039879950940903,C,4,16,23,137,B10,Diesel,672.9036244882848,R93
420,0,0.9596757775359084,A,13,7,36,85,B13,Diesel,359.69660885141275,R24
421,0,0.42660800283581024,F,14,14,27,146,B1,Diesel,393.99103929958045,R83
422,0,0.7754756910155601,F,9,1,51,139,B11,Regular,720.4639252765786,R94
423,0,0.3275310055011251,E,5,14,71,95,B3,Diesel,133.49271213599974,R53
424,1,0.32568017354986756,C,4,8,60,61,B3,Diesel,1550.9683506183726,R82
425,0,0.9630629046553866,B,11,4,18,74,B12,Regular,1388.8785394285906,R31
426,0,0.12768239260832495,E,13,12,64,57,B3,Diesel,2733.9071145894513,R21
427,0,0.9725811411016352,F,7,14,51,148,B12,Regular,149.36667001195073,R74
428,0,0.9168445516020197,B,7,10,71,131,B11,Diesel,301.6532548636582,R54
429,0,0.2031743876354703,A,12,0,64,96,B14,Regular,1725.9282728098117,R24
430,0,0.5747620322612319,B,10,4,59,120,B11,Regular,983.3441324166771,R25
431,0,0.7094472656395329,C,14,5,20,70,B11,Regular,3201.716378897184,R72
432,0,0.22609150469509764,B,6,19,81,141,B1,Diesel,57.97093290702077,R73
433,0,0.7155183413879337,E,11,7,80,115,B10,Regular,2393.4364181294795,R52
434,0,0.1767236802550663,A,5,2,80,104,B3,Regular,638.7117299919473,R31
435,0,0.8669052703676398,A,12,13,55,79,B1,Regular,1432.1311689967981,R21
436,0,0.26878160065389367,F,9,8,48,134,B3,Regular,16.56428016729789,R53
437,0,0.6148133725403007,D,9,2,22,128,B10,Regular,398.8949708294551,R21
438,0,0.3776540797017256,E,9,13,30,120,B11,Regular,3949.029164779806,R41
439,0,0.165682760705914,D,13,4,55,62,B10,Regular,1326.89413523967,R83
440,0,0.692361958122415,B,14,3,40,95,B1,Diesel,30.581461328286835,R82
441,0,0.2718575136734176,D,12,1,23,145,B2,Diesel,236.1313974246178,R11
442,1,0.6432179557650519,A,11,6,88,78,B12,Diesel,679.4872983237985,R53
443,0,0.9085087685687346,B,8,1,78,86,B12,Regular,1055.8804567062552,R72
444,0,0.6532922551177465,A,10,19,37,79,B1,Regular,5.786310961378675,R91
445,0,0.19832247114544221,F,12,18,70,92,B1,Regular,1347.3273234223175,R42
446,0,0.6987773451964351,A,11,5,55,66,B1,Regular,1085.0725500408596,R21
447,0,0.5217122603664668,D,10,19,34,106,B11,Regular,36.892551631955,R52
448,0,0.7287185384861196,C,14,0,39,85,B1,Diesel,428.9977697326492,R83
449,0,0.8336739013508246,B,11,14,35,113,B11,Diesel,362.13574606583387,R53
450,0,0.3915828814701011,A,9,10,26,71,B10,Diesel,1515.3154416472803,R83
451,0,0.17738896317200226,D,7,15,43,129,B10,Diesel,196.6672587368465,R83
452,0,0.1957236760237276,E,12,11,22,89,B11,Regular,1883.3865908241028,R72
453,1,0.662455513527272,E,5,14,89,100,B14,Diesel,112.72819404276152,R52
454,0,0.25318124119433344,E,6,10,30,125,B2,Regular,644.7559632140151,R42
455,0,0.16970654511688354,F,7,1,52,74,B3,Regular,423.40466412387093,R94
456,0,0.913352374258296,F,7,7,82,80,B14,Diesel,238.67485103589283,R74
457,0,0.7285679784187662,C,4,5,78,62,B14,Diesel,350.95797110355,R25
458,0,0.6398926163682757,A,9,10,67,95,B10,Diesel,236.97204972590492,R25
459,0,0.9437791680757268,D,5,4,56,69,B12,Diesel,614.5432886088408,R83
460,0,0.9602224237405919,B,7,0,20,97,B3,Regular,1474.730017820557,R24
461,0,0.4552182672022905,E,13,19,44,104,B10,Diesel,3886.670683870586,R94
462,0,0.3900128467471695,F,10,1,65,81,B1,Diesel,414.83000403432715,R21
463,0,0.8665506071676427,D,6,9,82,117,B3,Diesel,181.7937806531299,R53
464,0,0.310528105846392,F,10,19,50,134,B12,Regular,236.76748786049305,R83
465,0,0.9783259789073615,D,8,4,34,80,B12,Diesel,2402.705042269643,R11
466,1,0.9108217638996569,E,8,19,42,106,B12,Regular,142.8977569793007,R83
467,0,0.737152526807304,C,8,4,56,135,B1,Regular,175.3006261640569,R91
468,0,0.5134791243153068,D,10,3,80,130,B12,Diesel,1531.2874027125433,R24
469,0,0.7562983729630229,D,4,2,41,73,B14,Diesel,1683.084754103942,R31
470,0,0.17915561086500714,F,14,8,58,124,B12,Regular,322.70176086493944,R93
471,0,0.12481312968506209,B,11,17,68,75,B11,Diesel,1110.3572894730812,R52
472,0,0.27806896404776316,F,6,19,50,98,B2,Regular,684.7786559886223,R83
473,0,0.33076432283558976,B,7,1,35,76,B12,Diesel,809.3590305222292,R91
474,0,0.9405325723752418,C,7,19,79,101,B14,Diesel,1097.5420838224559,R94
475,0,0.3112758355331694,D,14,13,28,116,B13,Regular,843.7344392781885,R72
476,0,0.20943397464347063,B,7,3,82,54,B1,Diesel,184.51668491261574,R83
477,1,0.944438286783774,B,9,1,41,144,B2,Regular,1473.381621628396,R72
478,0,0.10402759667287431,D,14,4,75,93,B10,Diesel,1668.552578561805,R42
479,0,0.15101953662046308,D,4,2,85,142,B3,Regular,310.17095154598326,R24
480,0,0.411343409956902,B,10,11,73,115,B13,Regular,1542.9454751878377,R72
481,0,0.8577174826392028,B,7,8,86,116,B13,Regular,1116.1558288822298,R52
482,0,0.17303747759799143,F,7,11,77,52,B1,Regular,1201.398602424358,R25
483,0,0.5452204605322036,F,14,18,84,120,B1,Diesel,2065.928342580367,R41
484,0,0.527301523822935,A,14,14,49,50,B13,Regular,1300.5121944366463,R24
485,0,0.42865189999280384,C,6,13,24,53,B12,Diesel,724.3315671895972,R25
486,0,0.743965899331506,E,7,11,48,134,B11,Regular,3775.1389076088994,R25
487,0,0.8544579306465154,C,6,17,80,140,B12,Diesel,519.5257693161875,R52
488,0,0.41380828603635433,D,4,1,57,59,B11,Regular,1069.702681645399,R31
489,0,0.6904603947078524,E,13,9,60,73,B14,Regular,496.52755082531445,R74
490,1,0.16625274257226436,B,9,5,61,128,B13,Regular,1136.37246593423,R31
491,0,0.6467944957475161,A,6,14,74,124,B11,Diesel,932.8866720765856,R54
492,0,0.16035453551154913,F,7,2,44,125,B10,Diesel,916.9808074150765,R73
493,0,0.531114098358931,A,5,3,30,117,B3,Diesel,80.26455770858892,R72
494,0,0.509972186024024,D,8,5,34,131,B14,Regular,1478.3259383318125,R54
495,0,0.2097353119029979,A,11,10,24,113,B11,Regular,1537.9255470021797,R94
496,0,0.12184167947227026,D,9,0,85,139,B13,Regular,60.95634853859199,R42
497,0,0.813393065045885,F,13,1,71,93,B11,Regular,1285.4090759044484,R31
498,0,0.23708717213666075,D,4,3,63,67,B14,Diesel,351.1128945201251,R53
499,0,0.42541158658742506,D,4,1,67,56,B14,Diesel,176.12860264890085,R82
500,0,0.27142777996426015,F,13,16,56,74,B1,Regular,867.0610572281443,R31
501,0,0.8100636340093715,E,10,1,54,94,B14,Regular,174.282050942964,R93
502,0,0.8451327683677503,A,8,19,40,80,B10,Regular,2208.3548286356518,R24
503,0,0.14282386872658795,E,11,9,21,69,B10,Regular,86.13947432281462,R83
504,0,0.5701377616423143,A,7,10,80,94,B13,Diesel,792.7431362385929,R93
505,0,0.8684086055593935,E,14,19,42,124,B3,Diesel,69.24028164808202,R82
506,0,0.6680200816606504,F,10,19,18,146,B14,Regular,803.0094691347538,R11
507,0,0.8147377415823235,D,7,17,36,77,B3,Regular,44.68038223349242,R42
508,0,0.8871991709215961,F,14,18,53,68,B13,Diesel,2068.1216643298512,R82
509,0,0.9896656830845612,D,13,6,20,123,B3,Diesel,284.34866408516115,R25
510,0,0.24162075688867607,B,9,6,44,130,B3,Diesel,2045.3711313847118,R42
511,0,0.42760214386141615,A,8,11,89,128,B14,Regular,2847.068465927284,R74
512,0,0.11777720998058548,A,14,12,47,138,B11,Regular,1274.2542074787204,R72
513,0,0.39870798069014624,D,9,18,19,129,B1,Diesel,948.1213437146989,R83
514,0,0.49338717628014384,C,4,10,41,99,B10,Diesel,4.090811261753737,R53
515,0,0.6585963252174469,F,8,3,18,53,B13,Diesel,628.53529499811,R54
516,0,0.3842210838450907,E,4,18,83,67,B2,Regular,404.9076906306075,R91
517,0,0.4612290156854213,B,7,18,64,97,B1,Diesel,608.9096698230683,R42
518,0,0.6925293269948709,D,14,5,45,142,B14,Diesel,824.5318628602224,R52
519,0,0.9024636867497363,D,7,19,22,106,B13,Diesel,1449.0925699291024,R11
520,0,0.7343290576329886,F,6,2,24,148,B13,Diesel,1865.483764314364,R24
521,0,0.7856381487135268,C,14,13,36,50,B3,Regular,940.4873289101309,R73
522,0,0.1328547001243592,F,8,16,28,147,B2,Regular,1495.6601107412823,R54
523,0,0.4413210933183628,C,6,11,28,53,B14,Regular,512.0392722467966,R31
524,0,0.3268905503312567,C,13,2,88,123,B12,Regular,438.83934206570467,R91
525,1,0.3478440795457928,F,5,1,78,136,B10,Regular,3331.77815415609,R91
526,0,0.8610119429394425,F,10,2,48,69,B1,Regular,650.7070492164038,R54
527,0,0.385545078389405,F,10,9,73,114,B14,Regular,106.01391085653881,R25
528,0,0.610086242137768,D,8,17,46,65,B14,Diesel,389.7610120042869,R82
529,0,0.32439501489782374,B,9,6,51,145,B11,Diesel,695.1268558014782,R41
530,0,0.4290712732544397,A,7,3,61,66,B1,Diesel,1962.5105652559034,R94
531,0,0.9142169903219917,C,5,16,41,77,B12,Diesel,1548.9589796412474,R91
532,0,0.10361642394176261,C,6,0,39,89,B1,Regular,452.7466452804916,R83
533,0,0.4116024322350983,F,8,6,25,111,B11,Diesel,1010.4022049576482,R21
534,0,0.8689637915327025,B,8,3,73,145,B10,Diesel,351.85740857850556,R42
535,0,0.9821382380352378,A,6,6,55,130,B12,Regular,88.0573637656544,R94
536,0,0.6122045597886662,F,6,0,30,122,B3,Regular,2938.359581545121,R91
537,0,0.7341796658371562,A,7,3,36,86,B11,Diesel,3747.477753371092,R41
538,0,0.2732661689611322,D,13,11,28,122,B14,Regular,729.1191804790981,R41
539,0,0.8128212354577582,E,13,0,60,92,B3,Diesel,1658.026691064,R11
540,0,0.17954702224189598,E,13,11,69,52,B13,Regular,374.3597268171364,R74
541,0,0.8146525710833536,D,5,17,88,92,B13,Regular,149.60511076221184,R31
542,0,0.12884030565886942,F,9,19,76,148,B10,Regular,839.4776452856064,R94
543,0,0.7818093407108356,C,6,10,47,94,B13,Regular,830.1552164400816,R21
544,0,0.13859645428790815,B,11,9,70,73,B3,Regular,1109.924055796701,R73
545,0,0.42780218645343937,C,12,6,65,101,B1,Regular,201.05388471322664,R82
546,0,0.886262299462219,F,9,4,20,115,B10,Diesel,126.49705481938267,R53
547,0,0.43964946686297524,D,13,14,57,67,B3,Regular,2723.2320006914697,R72
548,0,0.7782259007868565,D,8,5,84,73,B12,Diesel,941.5361799658444,R31
549,0,0.3322706618461377,B,12,2,77,65,B14,Diesel,882.1821262715208,R31
550,0,0.7207373687964285,F,5,4,50,124,B14,Regular,123.04481288709023,R25
551,0,0.284104362381329,F,6,8,49,124,B2,Diesel,175.4684312662901,R24
552,0,0.10585398874038834,D,11,12,19,109,B13,Regular,398.3047248821918,R54
553,0,0.6816760505006743,A,6,7,37,145,B2,Regular,61.996671946516145,R93
554,0,0.5130348938650092,C,14,9,33,73,B12,Diesel,69.37826539272326,R93
555,0,0.42606506501251695,B,9,10,88,98,B3,Diesel,1289.3857649186928,R52
556,1,0.7276146588423025,C,9,5,53,88,B2,Diesel,553.1824239804333,R21
557,0,0.6767576731768051,F,7,10,59,65,B11,Regular,9.780713292050773,R91
558,0,0.3650976136624834,C,10,5,45,133,B10,Diesel,341.850352177168,R24
559,0,0.7952062286167261,C,12,10,48,118,B10,Diesel,989.2659107135023,R21
560,0,0.5920204605187309,D,5,3,70,147,B3,Regular,1475.6976916476528,R41
561,0,0.7113102246309505,F,11,8,85,91,B11,Regular,471.69226339377036,R83
562,0,0.5365957441949617,D,10,17,31,136,B11,Regular,126.82046536680086,R42
563,0,0.8233764239551473,C,12,4,32,105,B13,Regular,1393.7807033601125,R83
564,0,0.6912772261053653,D,5,9,83,88,B12,Regular,64.97603352043407,R54
565,0,0.2786074756993121,E,5,13,49,60,B2,Regular,242.40838604394673,R52
566,0,0.6277707456722891,C,9,11,70,111,B12,Regular,677.4271467641562,R42
567,0,0.323858335268676,C,11,13,64,119,B12,Regular,417.0542823074316,R73
568,1,0.42635965555120514,B,12,2,80,99,B10,Regular,285.52556676548676,R53
569,0,0.1578394698404268,E,10,14,37,121,B12,Regular,2269.7762522403386,R42
570,0,0.3622976365586451,F,13,3,57,94,B3,Diesel,1313.8338655051182,R42
571,0,0.571235849426627,F,7,15,33,94,B12,Diesel,1005.9949352631717,R94
572,0,0.9997817845406766,F,14,9,29,111,B10,Diesel,815.9683892432869,R21
573,0,0.5356269013294092,C,12,1,89,143,B12,Regular,2537.5511810077933,R53
574,0,0.7544158253148777,A,4,7,79,112,B2,Regular,2725.6190023318845,R25
575,0,0.6547020392883005,B,12,5,46,64,B2,Regular,633.370229476577,R82
576,0,0.3577979284083248,B,8,11,65,92,B10,Regular,6.303858217161366,R73
577,0,0.12790437960985002,B,10,16,19,127,B1,Diesel,213.05748072492398,R42
578,0,0.9373082979259214,A,6,6,35,88,B12,Regular,1127.7438218520294,R52
579,0,0.34768444742858273,C,10,10,62,86,B14,Diesel,1155.7311053113467,R42
580,0,0.7462026705570859,C,10,6,59,133,B3,Regular,561.6845549690754,R52
581,0,0.194974770919654,B,13,3,79,97,B10,Regular,975.5344276932341,R31
582,0,0.7749893241188017,F,9,9,29,141,B2,Regular,87.50467320976432,R74
583,0,0.8517940056118766,B,8,15,61,126,B14,Diesel,812.8406413949594,R52
584,0,0.16515150049297872,C,4,9,28,126,B12,Diesel,557.9958506236794,R41
585,0,0.9383081220853572,E,4,14,39,146,B1,Diesel,373.42576862270096,R25
586,0,0.3018864321774216,C,11,13,80,134,B11,Regular,732.92388713769,R54
587,0,0.2577755910898808,F,12,17,23,143,B13,Diesel,2205.300073720557,R91
588,0,0.7677749899169618,E,11,8,58,78,B14,Diesel,48.77960933365921,R91
589,0,0.5101069874708306,E,12,19,42,145,B11,Regular,1693.9026486914938,R24
590,0,0.5722156289338074,C,8,9,52,126,B2,Diesel,635.1958922864214,R11
591,0,0.9650071505027192,E,12,9,28,100,B10,Regular,354.6201327872433,R82
592,0,0.41864986327761866,F,8,17,67,126,B14,Regular,2970.1928494270314,R91
593,0,0.9433096241510149,A,6,15,25,64,B3,Diesel,743.8856816981225,R25
594,0,0.9646292559902614,F,5,7,19,61,B2,Diesel,2155.501278903357,R42
595,0,0.9321124971646008,C,9,19,22,144,B10,Diesel,306.8825211220575,R21
596,0,0.7846035276980151,D,5,13,84,138,B2,Regular,927.1576720506259,R54
597,0,0.6534298403988402,E,5,18,76,139,B10,Regular,6.587319489331427,R53
598,0,0.39187563069220244,E,8,6,64,77,B11,Diesel,52.520218248687705,R94
599,0,0.8758039971396762,D,9,9,79,122,B10,Diesel,1877.4974551607506,R82
600,0,0.36258135793823043,B,11,0,71,69,B11,Regular,1176.2757373604152,R52
601,0,0.2453482854505337,C,7,3,38,90,B12,Diesel,22.11094885439904,R21
602,0,0.6019093494813705,F,14,17,59,116,B3,Diesel,2218.0253575986994,R24
603,0,0.10801526823902435,B,13,7,20,137,B1,Regular,269.86815653874976,R31
604,0,0.1929900709323257,C,8,17,30,73,B12,Regular,1211.5296992842043,R94
605,0,0.3225907327137505,A,14,2,62,110,B14,Diesel,1148.200050820664,R24
606,0,0.5995040243652188,E,14,5,26,146,B10,Regular,1334.9423851376998,R41
607,0,0.37022072050824806,B,13,19,34,94,B10,Diesel,417.8834867488634,R54
608,0,0.9785006465026332,A,6,4,50,140,B3,Regular,259.1711127542895,R42
609,0,0.1753234897006311,C,9,3,41,140,B13,Diesel,1248.4011281273547,R54
610,0,0.16153307130562516,B,6,10,22,70,B14,Diesel,602.8224714493031,R73
611,0,0.39112130874115847,D,7,13,47,143,B1,Diesel,26.571387214655427,R93
612,0,0.20788799816157985,E,12,3,70,121,B11,Diesel,170.85262028767565,R53
613,0,0.75959982694468,F,8,19,48,138,B12,Regular,675.0577636123321,R93
614,0,0.49152632675115926,A,10,1,48,50,B11,Diesel,1680.4477198095628,R11
615,0,0.15851955881835378,A,14,12,29,95,B3,Diesel,46.88797885303804,R31
616,0,0.23138918451639073,A,5,19,37,62,B3,Diesel,1138.2583254643523,R72
617,0,0.5096091464529143,F,12,2,50,86,B10,Regular,508.483792593305,R42
618,0,0.6305020596751975,A,9,4,20,115,B14,Diesel,87.18210588964602,R73
619,0,0.46461983232891646,F,14,6,36,86,B10,Diesel,3565.945195576526,R91
620,0,0.40797828271585024,D,5,17,77,111,B11,Regular,157.72817311285573,R54
621,1,0.8444025305319502,C,4,2,32,146,B10,Diesel,1346.0386853420962,R42
622,0,0.7847951194511282,B,8,18,87,116,B10,Regular,64.96986245947741,R73
623,0,0.64427552155979,A,14,12,77,102,B13,Regular,1600.2871453700263,R24
624,0,0.45499824916571596,C,5,10,54,139,B13,Regular,50.42080054236601,R93
625,0,0.9030099430824605,C,12,2,81,100,B13,Regular,826.2288171870159,R82
626,0,0.7585377965553097,F,5,11,72,145,B1,Regular,4460.821829796499,R82
627,0,0.5540621851396637,C,13,14,72,132,B12,Regular,452.66009245820607,R72
628,0,0.475321799233842,D,14,2,80,105,B10,Regular,482.57997692030295,R72
629,0,0.4364136106356392,D,13,15,36,122,B1,Diesel,932.9297848813867,R74
630,0,0.9947893902432674,B,4,1,43,66,B10,Diesel,771.2798727705042,R72
631,0,0.7236089291781783,B,4,16,25,52,B1,Diesel,757.0115742582911,R54
632,0,0.891899618569991,B,13,15,38,62,B13,Diesel,1025.0460917238333,R72
633,0,0.7850545492499444,B,11,5,57,133,B1,Regular,100.75036760156917,R21
634,0,0.7595602904064139,A,13,17,25,117,B11,Regular,486.7303684688856,R91
635,0,0.5121173846792957,F,9,19,87,128,B3,Diesel,3995.0681323896724,R25
636,0,0.6732583450614263,A,14,12,88,95,B12,Diesel,3500.9829950959233,R41
637,0,0.43778918425637803,C,11,13,82,97,B2,Diesel,3656.8429497695606,R91
638,0,0.5108455909807628,B,6,3,80,112,B13,Regular,160.09855495163464,R74
639,1,0.906318932926573,B,7,11,48,103,B14,Diesel,2477.8274836319697,R52
640,0,0.8404239340184592,A,5,15,74,108,B13,Diesel,782.040443127507,R72
641,1,0.44843064402835575,B,14,16,34,139,B11,Diesel,573.7474091134563,R24
642,0,0.13041779780993853,A,14,12,30,90,B11,Regular,4134.531747923704,R93
643,0,0.3479601750968023,E,4,18,39,59,B12,Diesel,933.0122285293075,R21
644,0,0.7483561124736132,A,6,2,54,50,B10,Regular,2286.0848185696323,R93
645,0,0.8343488323229453,A,14,13,82,144,B10,Regular,4280.327462553917,R94
646,0,0.12438567315158966,A,10,5,29,63,B11,Regular,153.88913657686481,R73
647,0,0.7584410778365305,D,11,6,24,94,B1,Diesel,1739.4005581382482,R53
648,0,0.3956776336433838,C,11,11,23,73,B10,Regular,513.4762699676737,R82
649,0,0.6692467664812548,B,14,13,56,137,B11,Regular,147.85384965855064,R21
650,0,0.6434033246617241,C,9,2,51,125,B2,Regular,2035.8385526378843,R82
651,0,0.40391259611526087,C,14,16,87,72,B14,Regular,888.911831892441,R41
652,0,0.21905191631874754,F,14,13,71,128,B3,Regular,472.3658489752055,R82
653,0,0.9275921542582904,E,10,19,47,136,B3,Diesel,176.89608393468504,R72
654,0,0.7205847097065473,C,13,15,64,146,B12,Diesel,10.511728689142407,R21
655,1,0.38931707901208457,B,13,4,30,67,B12,Regular,2564.7302302009903,R94
656,0,0.34687825752876544,F,13,8,67,145,B12,Regular,736.5448309092606,R52
657,0,0.5016763102745441,E,10,11,53,108,B14,Regular,783.7469342918008,R31
658,0,0.8364127372703727,B,10,2,44,142,B14,Diesel,951.7779130104102,R52
659,0,0.8215961674390259,A,4,6,73,104,B11,Diesel,213.68922155437494,R25
660,0,0.36981053148371923,A,12,14,51,71,B3,Regular,470.4520409456398,R53
661,0,0.582422424754208,C,11,2,46,66,B1,Diesel,846.1134895579931,R25
662,0,0.38249903628074255,B,9,13,43,54,B14,Diesel,179.56502887722752,R94
663,0,0.7548052630339458,E,6,0,57,108,B2,Diesel,2441.7459362599307,R74
664,0,0.17784507350391635,A,7,8,81,125,B3,Regular,3326.5117238341204,R53
665,0,0.5674665206054659,B,11,19,35,107,B1,Regular,388.6264999456039,R91
666,0,0.9675530525073073,A,11,17,67,91,B2,Diesel,2360.312101973209,R91
667,1,0.8008833483606451,D,11,14,61,143,B12,Regular,24.287941135378308,R73
668,0,0.44346925290178096,D,8,19,70,135,B14,Regular,1040.919013250983,R54
669,1,0.35766930925369156,E,11,13,65,104,B13,Diesel,1621.7496504667863,R21
670,0,0.925837148768005,A,4,9,87,77,B11,Regular,556.5142573864778,R53
671,0,0.5526012177541687,F,4,6,80,85,B3,Diesel,53.24816707509008,R42
672,1,0.3871459719789512,D,6,5,47,129,B11,Diesel,477.48924674857255,R31
673,0,0.18601101411996362,A,5,19,24,95,B10,Diesel,822.9496857863772,R93
674,0,0.31958851936175714,A,4,3,29,111,B11,Regular,784.7028306960095,R41
675,0,0.6758341963467874,B,11,1,22,101,B12,Regular,770.1547786831538,R82
676,0,0.14007667982328303,B,11,13,70,92,B1,Regular,3611.402589378383,R72
677,0,0.4474155625276971,A,8,4,36,126,B11,Regular,2873.713948131537,R54
678,0,0.8085050308023305,C,9,14,73,138,B10,Regular,512.4939046478472,R11
679,0,0.1045374581812294,B,13,6,30,109,B12,Diesel,1105.1198481799634,R73
680,0,0.8710547330831856,E,6,19,33,83,B3,Regular,1262.566170480883,R31
681,0,0.7771664667384076,D,14,11,87,88,B12,Diesel,537.3336378271091,R82
682,0,0.20510462895394155,D,4,18,39,132,B3,Regular,1291.9735374143384,R83
683,0,0.771688336253067,B,6,5,42,59,B10,Regular,2130.8785118278474,R54
684,0,0.3027418691440602,B,4,17,78,58,B1,Diesel,239.24142916429304,R74
685,0,0.4482437070415791,C,9,12,77,87,B3,Regular,1561.8606893669446,R54
686,0,0.1508157939406645,C,10,16,41,135,B12,Regular,181.1740835933814,R74
687,0,0.6959432651979728,F,9,8,49,145,B1,Regular,406.0018855638139,R42
688,0,0.9444235686834791,C,10,11,73,112,B3,Regular,1072.3052585370613,R91
689,0,0.7309970393776625,B,11,6,59,104,B13,Regular,2512.26497126937,R11
690,0,0.2926996290681715,B,8,4,51,147,B11,Regular,185.5207190286009,R41
691,0,0.1420222686733666,E,11,12,74,51,B1,Diesel,728.9686820290572,R83
692,0,0.22907904773974608,A,10,17,22,70,B3,Diesel,135.29569712505835,R25
693,0,0.6241202331458445,B,6,18,29,61,B3,Diesel,720.5903883322189,R83
694,0,0.660287861224826,E,8,18,65,111,B1,Diesel,2.90175137134324,R91
695,0,0.21908732352315616,F,7,8,86,85,B3,Diesel,217.98722605160594,R73
696,0,0.8733805242416702,C,13,13,87,128,B3,Regular,1103.7376940069487,R73
697,0,0.6860975041325094,E,6,0,42,85,B1,Regular,453.8721961386858,R31
698,0,0.9698893624491909,D,9,6,28,133,B2,Diesel,229.908801732172,R82
699,0,0.7961997213177425,F,5,4,33,137,B3,Regular,60.93660402521174,R73
700,0,0.5355238622836224,B,11,10,72,77,B3,Regular,219.98142004059724,R42
701,0,0.2232681889128172,E,11,14,29,58,B13,Diesel,3136.758723046862,R83
702,0,0.5825162220168519,D,6,14,59,94,B3,Regular,140.22789587631277,R73
703,0,0.4886198577972076,C,14,8,19,50,B1,Regular,720.9841681184633,R94
704,0,0.8955617255479223,B,13,17,72,111,B2,Regular,1033.0545254290548,R93
705,0,0.7362334858439411,B,8,12,34,73,B14,Regular,528.3392084139981,R21
706,1,0.8482940690858759,C,5,17,64,126,B13,Diesel,329.73039994677356,R82
707,0,0.7288519158956963,A,12,6,45,61,B14,Regular,301.93135241875643,R11
708,0,0.2223727917753523,B,14,1,51,126,B13,Diesel,459.7663091148381,R21
709,0,0.43825503336903204,B,10,11,44,103,B11,Regular,826.1067705917214,R91
710,0,0.368965462897198,D,6,5,44,105,B1,Diesel,765.4086936693521,R82
711,0,0.18223867508882635,C,7,15,69,146,B14,Diesel,3195.1506535631097,R53
712,0,0.33157018529646726,D,9,11,24,102,B2,Regular,286.48442397661574,R53
713,0,0.26150242031707316,A,11,14,62,142,B11,Diesel,910.2908812200849,R41
714,0,0.37018541198273425,A,9,1,32,130,B12,Diesel,153.83464520270704,R74
715,0,0.5405656604145641,D,14,17,42,71,B1,Regular,661.8725946538143,R25
716,0,0.29109003397979066,A,6,6,55,117,B11,Diesel,1476.5163466862598,R31
717,0,0.351214631571217,D,13,2,24,58,B1,Regular,316.87484091895357,R42
718,0,0.8865693544215236,F,10,18,56,65,B14,Regular,274.6332420923728,R73
719,0,0.1560804325134929,F,12,19,46,139,B2,Regular,933.8034127895418,R94
720,0,0.4370062272714571,C,4,15,55,147,B13,Regular,378.2888657242743,R72
721,0,0.16222234184741854,A,5,0,57,116,B2,Diesel,254.2128892290374,R31
722,0,0.2776958931172169,D,12,3,61,73,B3,Regular,1287.3136031972927,R54
723,0,0.5415654397698761,E,13,13,63,112,B3,Regular,248.69119946884075,R73
724,0,0.3743264743885413,B,6,11,37,109,B12,Regular,3279.9574600335122,R91
725,0,0.6966534888295816,E,7,16,62,112,B1,Regular,474.96390430223096,R74
726,0,0.4628214548541021,E,4,19,56,133,B3,Regular,354.0835738993472,R42
727,0,0.9983186241225359,A,10,6,19,142,B3,Diesel,2160.171826114971,R52
728,0,0.33458919858913805,D,6,4,69,89,B12,Regular,1409.3378033952804,R41
729,0,0.7234131667916269,E,11,13,84,132,B1,Regular,938.7291562587634,R94
730,0,0.3712353178680553,B,13,0,18,92,B10,Regular,4.2856062496365,R91
731,0,0.1533648385302898,E,12,12,61,107,B13,Regular,3822.0127799898305,R82
732,0,0.7756856336479897,E,5,0,64,128,B2,Diesel,1373.880755889153,R73
733,0,0.5153152788226917,E,8,13,75,86,B12,Diesel,11.832251659419498,R82
734,0,0.12109212756966613,D,9,14,29,137,B1,Regular,45.05248123129996,R93
735,0,0.33401295025800315,C,12,18,40,101,B2,Regular,1330.3367944148677,R94
736,0,0.4456160900397421,C,6,0,79,94,B13,Diesel,583.5966652438578,R31
737,0,0.7340444216759902,B,8,10,88,86,B12,Diesel,632.7970524475036,R72
738,0,0.144692234968746,F,13,14,48,50,B13,Regular,301.33188403117276,R91
739,0,0.9331337058835145,C,14,17,71,83,B10,Diesel,114.1701743940158,R25
740,0,0.8941775442570288,B,6,9,75,105,B10,Regular,1870.2422553089575,R73
741,0,0.8159667602333781,F,9,19,78,59,B14,Diesel,126.75536408002677,R82
742,0,0.289510212060978,E,8,16,45,78,B10,Diesel,66.38992880719637,R93
743,0,0.8398171058050268,B,5,11,75,124,B11,Regular,178.81325926058804,R52
744,0,0.42240779050349975,D,8,14,58,121,B10,Diesel,139.43207733459766,R74
745,0,0.5905499098405078,E,6,16,49,144,B2,Regular,295.21466078045904,R31
746,0,0.4359301640272779,D,10,12,35,127,B13,Diesel,1029.1181160639248,R93
747,0,0.7399824599023623,F,14,4,61,77,B2,Regular,481.52447962518295,R42
748,0,0.750494260074078,F,9,5,65,125,B3,Regular,421.36398566677184,R21
749,0,0.33260794649587505,D,12,10,34,116,B3,Regular,1374.372044838457,R42
750,0,0.40336802542451966,B,7,1,51,134,B2,Diesel,272.2650334403575,R52
751,0,0.9435837985995388,E,7,8,76,123,B3,Diesel,353.11578474704044,R91
752,0,0.5292822591944856,D,6,0,86,149,B13,Regular,177.38874590637488,R21
753,0,0.6157732431936345,E,12,9,19,66,B13,Regular,5737.709354166814,R54
754,0,0.5590115688862157,D,14,3,33,86,B13,Regular,298.2797872715842,R72
755,0,0.7201794101397808,D,13,3,18,101,B1,Regular,2427.9621928578513,R11
756,0,0.5829716239926955,C,7,9,43,139,B13,Regular,65.23797475661193,R41
757,0,0.9642053525836977,D,7,11,71,125,B11,Diesel,280.95477222073845,R74
758,0,0.8026438903864216,D,10,1,70,142,B14,Diesel,352.5439394849023,R52
759,0,0.5315448709408853,E,8,8,52,91,B14,Regular,2343.9773201771486,R74
760,0,0.3341208047270142,D,7,7,54,145,B10,Diesel,1356.4772077913558,R25
761,2,0.240924383212135,A,13,4,39,78,B3,Regular,1396.831477860834,R24
762,0,0.9272374735834357,D,5,16,33,83,B12,Diesel,154.73287077367326,R54
763,1,0.8452589008752692,C,11,0,21,108,B1,Diesel,53.106617721336804,R21
764,0,0.17347824428218056,F,11,12,28,66,B12,Regular,2564.0224393533626,R54
765,0,0.7120979663093114,B,11,7,82,76,B1,Regular,263.5521068833468,R94
766,0,0.21228168975143893,A,10,17,61,145,B10,Regular,1333.9994221977772,R53
767,0,0.5095182475916926,F,14,12,33,106,B10,Diesel,723.440995826851,R31
768,0,0.6478874382235049,F,14,5,87,116,B12,Regular,1457.4584427603993,R53
769,0,0.7300532453537393,C,7,8,63,69,B14,Regular,1047.9521083150123,R72
770,0,0.5344515665307504,D,7,11,44,149,B12,Regular,999.9887532374631,R94
771,0,0.9531287954729796,F,10,0,30,63,B10,Diesel,228.820701634063,R25
772,0,0.8662047888516161,A,10,12,42,142,B13,Diesel,985.0581838257925,R41
773,0,0.34966037928520544,B,14,13,43,83,B11,Diesel,1792.9894157591755,R93
774,0,0.30468989167607574,A,6,8,65,68,B3,Diesel,151.80668396158896,R31
775,0,0.7081865102223054,D,9,14,64,95,B12,Diesel,193.74727613915832,R53
776,0,0.6212392080990479,D,10,3,61,51,B14,Diesel,603.2509154505127,R74
777,0,0.5095451184929679,A,4,4,41,144,B1,Diesel,375.7942339812795,R21
778,0,0.7440508015542603,F,7,5,54,56,B1,Regular,8.99177984220446,R73
779,0,0.8467923727318729,A,14,18,81,71,B1,Diesel,973.787637283308,R82
780,0,0.902505137420675,D,8,9,63,119,B12,Regular,451.71593637589257,R31
781,0,0.8306862099487332,E,8,11,33,106,B14,Diesel,36.48052936126807,R94
782,0,0.7070215425778996,B,7,17,77,60,B12,Regular,1557.6621959849224,R93
783,0,0.5810430231581416,C,9,13,38,75,B13,Regular,1382.2338869244822,R54
784,0,0.5034397432310198,D,7,17,55,149,B13,Diesel,288.5434164776641,R21
785,0,0.9428541590855141,C,14,19,34,136,B3,Regular,243.46488300892617,R72
786,0,0.613287989319895,B,13,11,40,77,B11,Regular,376.91074472573933,R25
787,0,0.8700822667047815,A,5,14,79,65,B1,Regular,147.3026150072289,R41
788,0,0.4915829745782567,B,12,18,22,101,B3,Regular,357.7406036525264,R52
789,0,0.7033876254915031,C,13,10,57,87,B14,Diesel,366.86038757270643,R94
790,0,0.5802756271097963,A,9,17,49,65,B14,Diesel,1359.3035456784858,R53
791,1,0.10376730651967035,D,5,15,79,90,B2,Diesel,951.4792208937798,R54
792,0,0.13970948943730305,B,10,6,44,127,B3,Diesel,269.75718359045226,R83
793,0,0.26094399603865787,A,4,19,42,111,B13,Regular,42.806273277908915,R31
794,0,0.4980792130217554,F,6,13,33,103,B1,Regular,383.26296669277633,R73
795,0,0.3574695604807825,D,8,2,31,58,B14,Diesel,314.30268346799994,R53
796,0,0.27189032390440737,D,6,4,84,79,B12,Diesel,1770.3927204890715,R52
797,0,0.970961010936312,D,11,13,76,121,B2,Diesel,671.3410622531293,R94
798,0,0.7177857506220012,E,4,4,88,97,B2,Regular,985.9581627520612,R42
799,0,0.6020740761377008,B,5,14,55,114,B3,Regular,2247.9021621864786,R93
800,0,0.9441146401529079,C,9,1,19,98,B11,Regular,1641.9261712030493,R93
801,0,0.31389682688339837,C,8,3,40,69,B11,Regular,1844.9814153381908,R11
802,0,0.6834486659896813,D,11,19,35,141,B2,Regular,1705.6556849311019,R82
803,0,0.8897854572181573,C,5,9,71,144,B10,Diesel,387.09863584795613,R72
804,0,0.5781500642386663,A,9,13,45,129,B10,Diesel,309.7369665133153,R83
805,1,0.4691152562652978,A,6,2,87,70,B2,Diesel,1571.1587162221945,R82
806,0,0.4266227765639953,F,14,19,22,139,B1,Regular,1014.8027479106354,R72
807,0,0.41286148111454013,D,14,5,34,108,B13,Regular,400.3946884905642,R25
808,0,0.9262679254121474,F,11,3,24,124,B1,Regular,51.033675880451824,R52
809,0,0.2010007008541884,C,10,14,88,61,B11,Regular,995.0962819718545,R11
810,0,0.35558870498403505,A,11,10,23,80,B3,Regular,59.44405337112147,R54
811,0,0.6020638499582356,C,9,4,19,136,B13,Regular,62.79975780865669,R91
812,0,0.4713206216605885,C,8,17,52,52,B2,Diesel,867.9594511369957,R21
813,0,0.7527340458817727,A,13,4,88,90,B13,Regular,149.9263673348713,R73
814,0,0.7444261819879243,D,5,10,75,56,B13,Regular,20.285862058575987,R41
815,0,0.2720964636689041,E,5,14,61,114,B10,Diesel,3106.410744682953,R91
816,0,0.6859625202252206,C,10,1,85,67,B10,Diesel,1048.535351806748,R41
817,0,0.5483735213682196,B,9,0,55,79,B12,Diesel,522.0953856751962,R21
818,0,0.5268539070646715,E,4,1,24,100,B3,Regular,684.3267900830948,R53
819,0,0.2668408481853862,B,13,13,64,58,B12,Diesel,304.6936178056662,R94
820,0,0.7578804085196644,C,13,19,70,108,B13,Diesel,1585.0357715213088,R11
821,0,0.1842593677103485,A,6,2,49,75,B11,Diesel,888.6949953935665,R24
822,0,0.12343474612559756,B,8,10,82,149,B14,Regular,405.192621640349,R93
823,0,0.5638319146755214,A,8,4,81,83,B13,Diesel,2185.258617985728,R21
824,0,0.3982601057870305,C,13,2,70,59,B11,Regular,248.3345654391369,R25
825,0,0.681191185331941,F,9,15,83,125,B12,Diesel,4722.252134786919,R41
826,0,0.2914243690281183,C,5,16,18,138,B13,Diesel,1754.4663543291915,R73
827,0,0.6346990961396658,A,6,16,40,102,B13,Diesel,636.0514032019206,R83
828,0,0.1478263883121819,F,9,2,78,78,B2,Diesel,2107.8018890907656,R83
829,1,0.1485441608957588,B,6,0,47,98,B13,Diesel,469.6366513304342,R93
830,0,0.9749104735149663,D,8,2,39,59,B12,Regular,2636.1850863453033,R11
831,0,0.8907948201694321,A,9,7,49,84,B3,Regular,2565.373931681634,R52
832,0,0.109833850672279,B,6,12,79,140,B14,Regular,1550.6866726892404,R21
833,0,0.2739283339812908,B,5,10,23,78,B12,Regular,761.3671206418903,R25
834,0,0.39855400720597634,F,8,17,22,97,B11,Diesel,841.6781291098548,R74
835,0,0.23542074621016784,C,8,16,29,98,B12,Regular,677.2605483943199,R31
836,0,0.694889698540182,C,7,16,72,89,B11,Regular,50.141185923327875,R93
837,0,0.6008073021788162,F,6,16,37,52,B10,Regular,479.11302252199533,R21
838,0,0.2373784481935663,E,13,13,81,141,B14,Diesel,1501.2847809450247,R31
839,0,0.5280170619934639,D,6,4,51,101,B1,Regular,389.8316346604996,R41
840,0,0.38047076882009034,D,8,19,57,88,B10,Regular,521.701851132343,R93
841,0,0.3504007301210965,B,10,2,30,117,B13,Diesel,3807.152088975352,R21
842,0,0.7922850219742363,C,5,18,85,140,B1,Diesel,444.881402116577,R42
843,1,0.4194874579569253,D,7,17,60,51,B10,Diesel,376.41632178859993,R21
844,0,0.5833126581230343,B,13,9,78,89,B1,Diesel,470.6769829455706,R94
845,0,0.9081352464288702,D,4,7,53,79,B12,Diesel,457.42313730375037,R52
846,0,0.7520232422215432,D,5,10,24,94,B14,Diesel,408.1669123166441,R42
847,0,0.8768560955737646,B,13,16,62,101,B3,Diesel,1743.9034673256397,R54
848,0,0.9965779548025074,D,11,1,85,67,B14,Diesel,1058.41086426886,R91
849,0,0.5093649834486655,B,11,0,28,128,B13,Regular,523.1555819309664,R74
850,0,0.41754500700177133,F,11,12,52,57,B14,Regular,18.531866766288147,R11
851,0,0.979529221984343,E,4,9,52,125,B11,Regular,293.4743705688048,R53
852,0,0.9659590383954945,A,5,19,18,147,B2,Diesel,135.61043468221754,R72
853,0,0.4539780985901052,D,11,10,40,75,B2,Diesel,2694.3954586625523,R24
854,0,0.3758019624133093,C,9,18,25,138,B10,Diesel,187.1540933478659,R72
855,0,0.9077834693845683,E,8,4,85,95,B14,Diesel,972.3610315466376,R72
856,0,0.6903518023212862,F,8,5,81,70,B13,Diesel,491.4434893008455,R42
857,0,0.27698664545782137,A,7,17,67,134,B10,Regular,439.57971844508245,R24
858,0,0.5525447650640013,E,13,19,58,79,B2,Diesel,116.32341990921566,R21
859,0,0.7953655647126306,A,9,5,71,114,B14,Regular,820.9270300485013,R31
860,0,0.9445370472650935,D,5,18,36,86,B10,Regular,161.97503068239808,R21
861,0,0.24217872150686695,F,11,11,84,70,B1,Diesel,89.03764813466609,R54
862,0,0.8176095451572861,A,11,19,27,135,B10,Diesel,302.9423444321343,R82
863,0,0.996671143979768,D,12,5,48,78,B1,Regular,46.85888539201198,R94
864,0,0.7514744584371502,B,13,12,24,145,B14,Diesel,631.639663996169,R82
865,0,0.9980363623673122,E,6,18,40,118,B10,Diesel,745.2326833536496,R42
866,0,0.7226879194978763,C,13,7,56,107,B13,Diesel,1000.7858838998073,R53
867,0,0.6002309696027955,F,6,16,36,110,B1,Regular,1558.1493368945482,R31
868,0,0.4456712378642699,A,5,5,84,70,B10,Regular,1599.9551095203046,R74
869,0,0.329929630362476,C,12,2,47,116,B13,Diesel,2934.7190466046395,R73
870,0,0.21553192519802367,B,13,17,58,126,B12,Diesel,734.5242426824808,R93
871,0,0.8722203096564382,F,9,14,45,94,B2,Regular,274.1492586601466,R91
872,0,0.8938067109108304,A,11,11,54,118,B12,Diesel,251.0101183201025,R82
873,0,0.18481403193032336,C,11,11,31,77,B12,Diesel,407.529387515096,R42
874,0,0.18105569783497832,C,12,6,35,96,B13,Regular,3480.0651927463914,R93
875,0,0.42177968618634143,B,6,11,72,99,B10,Diesel,1055.7756318615095,R93
876,0,0.5588055594331843,D,8,8,38,86,B14,Diesel,891.3736813858918,R82
877,0,0.5329738041210627,C,4,0,68,92,B10,Diesel,0.19907960788314422,R94
878,0,0.8416900952766646,F,11,18,31,53,B10,Regular,3970.008625372019,R73
879,0,0.3408642769249387,F,11,4,23,89,B1,Regular,2124.4760794816857,R52
880,0,0.35129578969698183,F,8,1,47,140,B1,Regular,2817.896527462971,R94
881,0,0.3695234508755323,C,9,15,50,149,B11,Diesel,472.7052279339993,R94
882,0,0.4685671769954247,B,4,5,19,100,B12,Regular,873.8893083319084,R41
883,0,0.25290709229437697,E,13,19,23,144,B11,Regular,148.29009122483154,R31
884,0,0.20749294878332597,B,7,0,50,50,B10,Regular,2768.6769705985216,R74
885,0,0.2369942294375113,E,8,5,62,116,B12,Regular,1318.4434267701197,R11
886,0,0.61517147385809,D,8,4,53,59,B10,Diesel,683.8807457236072,R24
887,0,0.4421026413582062,C,4,18,27,131,B11,Diesel,2243.6577284321315,R94
888,0,0.24393179858738062,C,6,0,82,53,B12,Regular,157.53045257983973,R82
889,0,0.7817148332111369,E,4,4,66,118,B1,Regular,63.1519616707527,R24
890,0,0.9841843061948264,A,10,9,46,105,B1,Diesel,645.5399672076466,R42
891,0,0.618777545962006,D,11,1,69,141,B11,Diesel,1462.3230778281288,R21
892,0,0.6025188238543199,D,13,11,24,113,B2,Regular,5142.247073057982,R11
893,0,0.25685518716284994,F,9,19,30,118,B12,Diesel,80.1489546714359,R83
894,0,0.6048745065033732,E,4,3,25,101,B11,Diesel,115.66395685379666,R41
895,0,0.5580293922800009,A,9,6,67,108,B1,Regular,113.92984562100538,R74
896,0,0.1652167629985769,F,7,2,50,114,B2,Regular,1055.9652692918269,R73
897,0,0.7347233772620192,E,4,15,29,147,B12,Regular,614.4605044861623,R31
898,0,0.24405248496457727,E,9,3,81,130,B1,Diesel,1026.75977031441,R94
899,0,0.48167202027895883,F,5,7,78,80,B14,Regular,198.12933180134326,R91
900,0,0.22744524722554613,B,13,14,75,143,B2,Diesel,310.8275007487621,R24
901,0,0.5481314702173097,E,9,2,40,97,B1,Regular,4.476045771744273,R91
902,0,0.49597155666608006,D,12,6,34,136,B10,Regular,434.02364743934186,R11
903,0,0.44708229139912814,E,6,9,29,59,B1,Diesel,2135.142868791343,R74
904,0,0.5618916831648099,C,14,3,27,118,B2,Regular,2489.9780554261456,R24
905,0,0.590905707994457,F,7,13,84,103,B12,Regular,697.943014312093,R73
906,0,0.2958795814555089,B,14,17,42,88,B2,Regular,724.3723968523,R31
907,0,0.2156262424015904,A,5,16,64,121,B11,Regular,4697.474692112767,R41
908,0,0.5143121649161194,A,4,13,80,91,B3,Regular,13.93504486549316,R93
909,0,0.17331605407690603,C,6,19,75,79,B14,Regular,3557.478001917669,R91
910,0,0.6626440981066949,D,4,14,57,81,B13,Diesel,99.59167157534449,R52
911,0,0.7864676809272678,C,13,3,61,96,B13,Diesel,2854.9074685721216,R74
912,0,0.9113582268278729,A,8,12,87,75,B10,Regular,3656.0596190076894,R94
913,0,0.7494511532107234,A,4,0,54,143,B3,Diesel,508.0521760434815,R93
914,0,0.16716869531128684,A,14,1,45,65,B1,Regular,238.16868349370404,R52
915,0,0.8469065825187787,A,6,3,50,69,B2,Regular,148.7904689300069,R93
916,0,0.9721074458656892,F,14,14,52,109,B10,Regular,682.3544269524092,R11
917,0,0.8134214765195448,B,12,2,33,104,B11,Regular,288.0737765777687,R31
918,0,0.7129161922406351,B,10,1,64,104,B11,Regular,1863.1438605193691,R73
919,0,0.8093134477255558,D,7,10,64,53,B13,Diesel,233.58923154851567,R82
920,0,0.8942588247298935,A,8,12,64,99,B2,Diesel,983.8296925930831,R83
921,0,0.8718943441898923,F,8,10,45,99,B14,Diesel,1824.8165003398235,R91
922,0,0.18403817848266704,F,12,19,27,141,B14,Regular,1895.9234094350088,R53
923,0,0.3878439525651354,C,6,6,45,74,B11,Regular,1572.2178098896577,R52
924,0,0.10436737217318061,C,10,17,43,71,B10,Diesel,478.5485432858935,R82
925,0,0.3561239023695575,B,6,14,60,53,B2,Regular,806.4600176572844,R72
926,0,0.501019543047872,D,7,12,58,69,B3,Regular,505.70320946158375,R41
927,0,0.4929663758218622,E,12,14,79,101,B11,Diesel,900.9572624255308,R31
928,0,0.18279823977772025,B,5,1,88,136,B10,Diesel,51.348294536110906,R53
929,0,0.4717825572820724,A,7,13,19,60,B2,Diesel,290.277080715692,R21
930,0,0.9049826695950144,E,8,8,74,129,B10,Diesel,438.2058708629885,R11
931,0,0.45535147958816413,D,11,12,60,61,B10,Regular,1784.066096171427,R21
932,0,0.8464440533949049,D,14,1,26,51,B13,Regular,1412.8367582048156,R82
933,0,0.8244755181945524,B,8,15,45,83,B3,Diesel,589.8814691397557,R91
934,1,0.421418140852862,F,13,15,63,60,B14,Regular,507.194961524591,R83
935,0,0.9510517982819617,F,8,15,58,66,B2,Regular,38.578697258440954,R73
936,0,0.888257567220071,C,9,1,18,143,B10,Regular,1181.1698348291889,R31
937,0,0.20804131143125865,E,13,1,54,144,B11,Diesel,904.1212353997192,R73
938,0,0.16316299204740645,E,11,9,49,143,B3,Regular,1337.2020259551002,R24
939,0,0.5932118629790379,B,13,1,43,112,B3,Regular,425.866986679866,R31
940,0,0.3670774684606758,A,13,5,22,52,B3,Regular,2139.182707376529,R53
941,0,0.17565391090555021,D,11,7,51,62,B12,Regular,175.8639201568084,R42
942,0,0.12449147718105985,A,12,11,60,135,B10,Regular,2431.470526292039,R83
943,0,0.2079095630025463,D,9,14,54,126,B14,Regular,646.7622708857815,R52
944,0,0.9529429564666347,B,12,17,67,53,B11,Regular,1030.253033533741,R31
945,0,0.981863574149306,C,4,9,28,105,B14,Diesel,257.12888740125044,R83
946,0,0.9055309748777816,C,11,8,19,108,B10,Diesel,415.0274698394901,R54
947,0,0.47048553862492626,A,7,18,36,88,B11,Diesel,424.6116607698024,R24
948,0,0.45009047145303605,F,9,1,20,133,B12,Regular,592.7585200651107,R41
949,0,0.8903082817929998,A,7,11,66,92,B11,Diesel,1116.4698545103447,R42
950,0,0.36584849809582887,F,9,18,60,106,B3,Diesel,264.509699873939,R31
951,0,0.6865943590265664,E,4,0,39,119,B13,Diesel,641.912755319063,R72
952,0,0.617461553584961,F,4,9,53,69,B10,Regular,646.8904803093488,R94
953,0,0.8296807229457236,C,9,8,30,67,B11,Regular,874.1774051342152,R91
954,0,0.4410581269293746,A,9,0,35,96,B2,Diesel,261.41526118991555,R41
955,0,0.8879984839567538,F,12,6,59,55,B11,Regular,1851.0774568338736,R93
956,0,0.8450649718345378,E,8,13,89,81,B12,Regular,713.9747036591642,R73
957,0,0.6806804525878366,B,12,0,22,102,B14,Regular,983.5587676279313,R41
958,0,0.33756477552822994,B,8,13,73,138,B12,Regular,955.3647080886055,R93
959,0,0.11688503623084973,C,5,6,61,60,B1,Regular,9.797055199053938,R91
960,0,0.5686011056392888,B,12,9,68,76,B1,Diesel,989.2981759062922,R54
961,0,0.61954199817169,A,14,7,74,118,B2,Diesel,353.44023296985824,R52
962,0,0.598365774710227,D,12,4,70,114,B1,Regular,1526.1247804479895,R83
963,1,0.4595489799824044,F,12,8,25,82,B14,Regular,1926.6733359455914,R94
964,0,0.7860170903084527,C,11,11,68,83,B13,Diesel,334.4404082748582,R94
965,0,0.39257915278311806,B,4,14,23,102,B1,Diesel,2351.805359920906,R54
966,0,0.736222492863072,C,9,15,76,106,B2,Diesel,484.40347611334204,R73
967,0,0.7682154820410083,F,13,7,65,141,B11,Regular,1413.8718133688897,R21
968,0,0.8316288953300671,D,11,0,84,102,B12,Diesel,1376.4195849121816,R41
969,0,0.48239843407739347,E,11,15,58,80,B13,Regular,1731.1782735316315,R91
970,0,0.42077249020570695,A,8,13,75,81,B10,Regular,1894.041731414124,R41
971,0,0.6752880642870895,B,6,12,84,118,B2,Regular,713.3380827789084,R91
972,0,0.9134217154904436,B,8,12,46,126,B14,Diesel,1049.493763490807,R21
973,0,0.1262963125389888,B,5,9,30,134,B11,Regular,298.59174647438454,R24
974,0,0.49615374527164546,E,13,8,72,142,B2,Diesel,736.2959130752773,R11
975,0,0.851539639787699,F,7,7,70,64,B1,Regular,1525.6380988515853,R53
976,0,0.8278817798938999,E,11,8,55,129,B14,Regular,2209.047184899033,R74
977,0,0.639774300917769,A,4,1,60,141,B10,Diesel,1904.872514226142,R42
978,0,0.9102041330413143,E,11,2,27,74,B3,Diesel,239.77326679659035,R72
979,0,0.5734706557552752,B,11,9,54,121,B14,Diesel,1272.0197837366184,R31
980,0,0.8863745557798968,F,6,16,37,123,B2,Regular,2277.402647136762,R74
981,0,0.37794968522040784,C,4,16,60,96,B2,Diesel,588.0440768316156,R82
982,0,0.6471611584954365,F,5,19,77,81,B14,Diesel,643.8544359746215,R31
983,0,0.3409451354277149,E,13,10,25,85,B14,Regular,780.9722472808743,R52
984,0,0.7686192594309647,E,8,9,35,138,B1,Diesel,235.84360310091412,R42
985,0,0.2997802235559891,B,7,8,75,126,B11,Regular,574.9550539019374,R94
986,0,0.19253320882390734,A,7,15,20,111,B10,Regular,2000.664014969254,R21
987,0,0.7725303151171705,D,8,18,50,65,B10,Regular,5027.491229724789,R11
988,0,0.7599180410737701,D,13,0,35,107,B1,Diesel,506.06945386831757,R31
989,0,0.5740058103259956,C,8,19,21,113,B14,Regular,433.6301376262499,R42
990,0,0.9923069771838161,C,8,9,26,133,B3,Diesel,524.248851771319,R72
991,0,0.6784844747427965,F,9,2,83,133,B11,Diesel,182.6124069863355,R53
992,1,0.568940604836611,D,9,11,67,80,B13,Diesel,117.50446961040909,R25
993,0,0.631807945836946,A,5,2,60,53,B13,Regular,4041.1017573909094,R54
994,0,0.7593866536948732,F,11,0,48,136,B13,Regular,7063.251054576685,R73
995,0,0.21988661257397868,A,4,9,36,144,B11,Diesel,650.4171503837517,R73
996,0,0.41925266519504145,F,12,7,58,138,B11,Diesel,248.7050358969152,R73
997,0,0.514839459750767,F,4,9,50,91,B1,Regular,2196.626669925985,R52
998,0,0.3487382946085744,D,10,0,79,65,B10,Regular,708.975820894017,R42
999,0,0.7618869292479856,A,7,9,31,133,B12,Diesel,932.8264483287257,R53
1000,0,0.36648585256839883,F,4,9,49,114,B14,Regular,59.42137303354829,R72
